"Marca temporal","¿Te interesan los equipos registradores de datos para ambientes acuáticos como ríos/lagos? (imagen tomada de https://thecavepearlproject.org/)","Si tuviese que elegir solo 3 variables para medir en ambientes acuáticos para determinar calidad de agua ¿Cuáles eligiría?","Le gustaría que estos registradores de datos  suban la información que generan a servidores de datos abiertos, accesibles a todo publico?"
"2020/03/09 8:53:01 p. m. GMT","Sí","Temperatura;Oxígeno disuelto;Salinidad","Sí"
"2020/03/09 10:21:53 p. m. GMT","Sí","Temperatura;Oxígeno disuelto;Sólidos disueltos totales","Sí"
"2020/03/10 2:03:28 p. m. GMT","Sí","Conductividad;Temperatura;Oxígeno disuelto","Que tenga la opción de que sea de acceso libre o no"
"2020/03/10 6:07:29 p. m. GMT","Sí","Conductividad;Temperatura;Oxígeno disuelto","No"
"2020/03/10 7:19:27 p. m. GMT","Sí","pH;Temperatura;Oxígeno disuelto","Sí"
"2020/03/10 7:20:45 p. m. GMT","Sí","pH;Conductividad;Temperatura","No"
"2020/03/10 7:25:58 p. m. GMT","Sí","Temperatura;Oxígeno disuelto;Nivel del agua","Sí"
"2020/03/10 7:39:47 p. m. GMT","Sí","Temperatura;Oxígeno disuelto;Sólidos disueltos totales","Sí"
"2020/03/10 7:53:18 p. m. GMT","Sí","pH;Temperatura;Oxígeno disuelto","Sí"
"2020/03/10 8:26:15 p. m. GMT","Sí","pH;Turbidez;Temperatura","Sí"
"2020/03/10 10:38:34 p. m. GMT","Sí","pH;Turbidez;Temperatura;Oxígeno disuelto;Nivel del agua;humedad, trabajo en ambientes estacionales","estaria bueno, pero si estas en medio de la selva sin conexioni va a ser dificil y no se si seria lo mas apropiado"
"2020/03/10 11:10:45 p. m. GMT","Sí","Temperatura;Oxígeno disuelto;Nutrientes","Sí"
"2020/03/11 4:32:48 a. m. GMT","Sí","pH;Turbidez;Oxígeno disuelto","Sí"
"2020/03/11 8:43:06 a. m. GMT","Sí","Temperatura;Oxígeno disuelto;Intensidad lumínica","No"
"2020/03/11 2:15:47 p. m. GMT","Sí","Conductividad;Temperatura;Velocidad de corriente","Sí"
"2020/03/13 8:07:04 p. m. GMT","Sí","Turbidez;Oxígeno disuelto;Velocidad de corriente","Sí"